Display Name,Family,Subfamily,Pref. Family,Pref. Subfamily,Version,Vendor ID,Styles,Width,Weight,Blocks,Characters,Glyphs
AR AquariusAB5 UL (Regular),AR AquariusAB5 UL,Regular,AR AquariusAB5,Black,Version 1.00,ARPH,Regular,5 (Medium),900 (Black),31,14266,14148
AR BanKePOPB5 EB (Regular),AR BanKePOPB5 EB,Regular,AR BanKePOPB5,Extra-bold,Version 1.00,ARPH,Regular,5 (Medium),800 (Extra-bold),31,14266,14148
AR BopomofaDL Ul (Regular),AR BopomofaDL Ul,Regular,,,Version 1.10,ARPH,Regular,5 (Medium),100 (Thin),31,14263,14148
AR CaoMeiB5 HV (Regular),AR CaoMeiB5 HV,Regular,AR CaoMeiB5,Heavy,Version 1.00,ARPH,Regular,5 (Medium),900 (Black),31,14266,14148
AR ChiLunB5 MD (Regular),AR ChiLunB5 MD,Regular,AR ChiLunB5,Medium,Version 1.00,ARPH,Regular,5 (Medium),500 (Medium),31,14266,14148
AR DCCSTMoritaB5 BD (Regular),AR DCCSTMoritaB5 BD,Regular,AR DCCSTMoritaB5,Bold,Version 1.00,ARPH,Regular,5 (Medium),700 (Bold),32,14428,28711
AR DiaoKeB5 BD (Regular),AR DiaoKeB5 BD,Regular,AR DiaoKeB5,Bold,Version 1.00,ARPH,Regular,5 (Medium),700 (Bold),31,14266,14148
AR DieYuanB5 UL (Regular),AR DieYuanB5 UL,Regular,AR DieYuanB5,Black,Version 1.00,ARPH,Regular,5 (Medium),900 (Black),31,14266,14148
AR DuDuHouB5 UL (Regular),AR DuDuHouB5 UL,Regular,AR DuDuHouB5,Black,Version 1.00,ARPH,Regular,5 (Medium),900 (Black),31,14266,14148
AR FangSongB5 BD (Regular),AR FangSongB5 BD,Regular,AR FangSongB5,Bold,Version 1.00,ARPH,Regular,5 (Medium),700 (Bold),31,14266,14148
AR FangSongB5 LT (Regular),AR FangSongB5 LT,Regular,AR FangSongB5,Light,Version 1.00,ARPH,Regular,5 (Medium),300 (Light),31,14266,14148
AR FangSongB5 MD (Regular),AR FangSongB5 MD,Regular,AR FangSongB5,Medium,Version 1.00,ARPH,Regular,5 (Medium),500 (Medium),31,14266,14148
AR FangSongB5S LT (Regular),AR FangSongB5S LT,Regular,AR FangSongB5S,Light,Version 1.00,ARPH,Regular,5 (Medium),300 (Light),31,14266,14152
AR FangXinShuH7B5 HV (Regular),AR FangXinShuH7B5 HV,Regular,AR FangXinShuH7B5,Heavy,Version 1.00,ARPH,Regular,5 (Medium),900 (Black),33,14369,14083
AR FangXinShuH7C80B5 HV (Regular),AR FangXinShuH7C80B5 HV,Regular,AR FangXinShuH7C80B5,Heavy,Version 1.00,ARPH,Regular,5 (Medium),900 (Black),33,14369,14083
AR FangXinShuH7C80DB5 HV (Regular),AR FangXinShuH7C80DB5 HV,Regular,AR FangXinShuH7C80DB5,Heavy,Version 1.00,ARPH,Regular,5 (Medium),900 (Black),33,14370,14096
AR FangXinShuH7C90B5 HV (Regular),AR FangXinShuH7C90B5 HV,Regular,AR FangXinShuH7C90B5,Heavy,Version 1.00,ARPH,Regular,5 (Medium),900 (Black),33,14369,14083
AR FangXinShuH7C90DB5 HV (Regular),AR FangXinShuH7C90DB5 HV,Regular,AR FangXinShuH7C90DB5,Heavy,Version 1.00,ARPH,Regular,5 (Medium),900 (Black),33,14370,14096
AR FangXinShuH7C95B5 HV (Regular),AR FangXinShuH7C95B5 HV,Regular,AR FangXinShuH7C95B5,Heavy,Version 1.00,ARPH,Regular,5 (Medium),900 (Black),33,14369,14083
AR FangXinShuH7C95DB5 HV (Regular),AR FangXinShuH7C95DB5 HV,Regular,AR FangXinShuH7C95DB5,Heavy,Version 1.00,ARPH,Regular,5 (Medium),900 (Black),33,14370,14096
AR GangBiXingKaiB5 BD (Regular),AR GangBiXingKaiB5 BD,Regular,AR GangBiXingKaiB5,Bold,Version 1.00,ARPH,Regular,5 (Medium),700 (Bold),31,14266,14148
AR GangBiXingKaiB5 LT (Regular),AR GangBiXingKaiB5 LT,Regular,AR GangBiXingKaiB5,Light,Version 1.00,ARPH,Regular,5 (Medium),300 (Light),31,14266,14148
AR GangBiXingKaiB5 MD (Regular),AR GangBiXingKaiB5 MD,Regular,AR GangBiXingKaiB5,Medium,Version 1.00,ARPH,Regular,5 (Medium),500 (Medium),31,14266,14148
AR GuangGaoB5 BD (Regular),AR GuangGaoB5 BD,Regular,AR GuangGaoB5,Bold,Version 1.00,ARPH,Regular,5 (Medium),700 (Bold),31,14266,14148
AR GuangGaoB5 EB (Regular),AR GuangGaoB5 EB,Regular,AR GuangGaoB5,Extra-bold,Version 1.00,ARPH,Regular,5 (Medium),800 (Extra-bold),31,14266,14148
AR GuangGaoB5 MD (Regular),AR GuangGaoB5 MD,Regular,AR GuangGaoB5,Medium,Version 1.00,ARPH,Regular,5 (Medium),500 (Medium),31,14266,14148
AR GuGuJiB5 UL (Regular),AR GuGuJiB5 UL,Regular,AR GuGuJiB5,Black,Version 1.00,ARPH,Regular,5 (Medium),900 (Black),31,14266,14148
AR GuYinB5 BD (Regular),AR GuYinB5 BD,Regular,AR GuYinB5,Bold,Version 1.00,ARPH,Regular,5 (Medium),700 (Bold),31,14266,14148
AR HaiBaoB5 BD (Regular),AR HaiBaoB5 BD,Regular,AR HaiBaoB5,Bold,Version 1.00,ARPH,Regular,5 (Medium),700 (Bold),31,14266,14148
AR HappyLongB5 UL (Regular),AR HappyLongB5 UL,Regular,AR HappyLongB5,Black,Version 1.00,ARPH,Regular,5 (Medium),900 (Black),31,14266,14148
AR HeiB5 BD (Regular),AR HeiB5 BD,Regular,AR HeiB5,Bold,Version 1.00,ARPH,Regular,5 (Medium),700 (Bold),31,14266,14148
AR HeiB5 EB (Regular),AR HeiB5 EB,Regular,AR HeiB5,Extra-bold,Version 1.00,ARPH,Regular,5 (Medium),800 (Extra-bold),31,14266,14148
AR HeiB5 HV (Regular),AR HeiB5 HV,Regular,AR HeiB5,Heavy,Version 1.00,ARPH,Regular,5 (Medium),900 (Black),31,14266,14148
AR HeiB5 LT (Regular),AR HeiB5 LT,Regular,AR HeiB5,Light,Version 1.00,ARPH,Regular,5 (Medium),300 (Light),31,14266,14148
AR HeiB5 MD (Regular),AR HeiB5 MD,Regular,AR HeiB5,Medium,Version 1.00,ARPH,Regular,5 (Medium),500 (Medium),31,14266,14148
AR HeiB5 UL (Regular),AR HeiB5 UL,Regular,AR HeiB5,Black,Version 1.00,ARPH,Regular,5 (Medium),900 (Black),31,14266,14148
AR HeiB5S BD (Regular),AR HeiB5S BD,Regular,AR HeiB5S,Bold,Version 1.00,ARPH,Regular,5 (Medium),700 (Bold),31,14266,14152
AR HeiU30 MD (Regular),AR HeiU30 MD,Regular,AR HeiU30,Medium,Version 1.00,ARPH,Regular,5 (Medium),500 (Medium),42,30267,29921
AR HitoTuB5 UL (Regular),AR HitoTuB5 UL,Regular,AR HitoTuB5,Black,Version 1.00,ARPH,Regular,5 (Medium),900 (Black),31,14266,14148
AR HuaBanB5 UL (Regular),AR HuaBanB5 UL,Regular,AR HuaBanB5,Black,Version 1.00,ARPH,Regular,5 (Medium),900 (Black),31,14266,14148
AR HuaCaoB5 EB (Regular),AR HuaCaoB5 EB,Regular,AR HuaCaoB5,Extra-bold,Version 1.00,ARPH,Regular,5 (Medium),800 (Extra-bold),31,14266,14148
AR HuoChaiB5 BD (Regular),AR HuoChaiB5 BD,Regular,AR HuoChaiB5,Bold,Version 1.00,ARPH,Regular,5 (Medium),700 (Bold),31,14266,14148
AR HuZiB5 EB (Regular),AR HuZiB5 EB,Regular,AR HuZiB5,Extra-bold,Version 1.00,ARPH,Regular,5 (Medium),800 (Extra-bold),31,14266,14148
AR JianGouB5 BD (Regular),AR JianGouB5 BD,Regular,AR JianGouB5,Bold,Version 1.00,ARPH,Regular,5 (Medium),700 (Bold),31,14266,14148
AR JingJiB5 MD (Regular),AR JingJiB5 MD,Regular,AR JingJiB5,Medium,Version 1.00,ARPH,Regular,5 (Medium),500 (Medium),31,14266,14148
AR KaiB5 BD (Regular),AR KaiB5 BD,Regular,AR KaiB5,Bold,Version 1.00,ARPH,Regular,5 (Medium),700 (Bold),31,14266,14148
AR KaiB5 LT (Regular),AR KaiB5 LT,Regular,AR KaiB5,Light,Version 1.00,ARPH,Regular,5 (Medium),300 (Light),31,14266,14148
AR KaiB5 MD (Regular),AR KaiB5 MD,Regular,AR KaiB5,Medium,Version 1.00,ARPH,Regular,5 (Medium),500 (Medium),31,14266,14148
AR KaiB5S MD (Regular),AR KaiB5S MD,Regular,AR KaiB5S,Medium,Version 1.00,ARPH,Regular,5 (Medium),500 (Medium),31,14266,14152
AR KanTingLiuB5 UL (Regular),AR KanTingLiuB5 UL,Regular,AR KanTingLiuB5,Black,Version 1.00,ARPH,Regular,5 (Medium),900 (Black),31,14266,14148
AR KongDieYuanB5 UL (Regular),AR KongDieYuanB5 UL,Regular,AR KongDieYuanB5,Black,Version 1.00,ARPH,Regular,5 (Medium),900 (Black),31,14266,14148
AR LiShuB5 BD (Regular),AR LiShuB5 BD,Regular,AR LiShuB5,Bold,Version 1.00,ARPH,Regular,5 (Medium),700 (Bold),31,14266,14148
AR LiShuB5 DB (Regular),AR LiShuB5 DB,Regular,AR LiShuB5,Demi-bold,Version 1.00,ARPH,Regular,5 (Medium),600 (Semi-bold),31,14266,14148
AR LiShuB5 MD (Regular),AR LiShuB5 MD,Regular,AR LiShuB5,Medium,Version 1.00,ARPH,Regular,5 (Medium),500 (Medium),31,14266,14148
AR LiShuB5S MD (Regular),AR LiShuB5S MD,Regular,AR LiShuB5S,Medium,Version 1.00,ARPH,Regular,5 (Medium),500 (Medium),31,14266,14152
AR LiShuU30 MD (Regular),AR LiShuU30 MD,Regular,AR LiShuU30,Medium,Version 1.00,ARPH,Regular,5 (Medium),500 (Medium),42,30267,29921
AR MaoKaiB5 BD (Regular),AR MaoKaiB5 BD,Regular,AR MaoKaiB5,Bold,Version 1.00,ARPH,Regular,5 (Medium),700 (Bold),31,14266,14148
AR MaoKaiB5 EB (Regular),AR MaoKaiB5 EB,Regular,AR MaoKaiB5,Extra-bold,Version 1.00,ARPH,Regular,5 (Medium),800 (Extra-bold),31,14266,14148
AR MaoKaiB5 HV (Regular),AR MaoKaiB5 HV,Regular,AR MaoKaiB5,Heavy,Version 1.00,ARPH,Regular,5 (Medium),900 (Black),31,14266,14148
AR MingB5 BD (Regular),AR MingB5 BD,Regular,AR MingB5,Bold,Version 1.00,ARPH,Regular,5 (Medium),700 (Bold),31,14266,14148
AR MingB5 EB (Regular),AR MingB5 EB,Regular,AR MingB5,Extra-bold,Version 1.00,ARPH,Regular,5 (Medium),800 (Extra-bold),31,14266,14148
AR MingB5 HV (Regular),AR MingB5 HV,Regular,AR MingB5,Heavy,Version 1.00,ARPH,Regular,5 (Medium),900 (Black),31,14266,14148
AR MingB5 LT (Regular),AR MingB5 LT,Regular,AR MingB5,Light,Version 1.00,ARPH,Regular,5 (Medium),300 (Light),31,14266,14148
AR MingB5 MD (Regular),AR MingB5 MD,Regular,AR MingB5,Medium,Version 1.00,ARPH,Regular,5 (Medium),500 (Medium),31,14266,14148
AR MingB5 UL (Regular),AR MingB5 UL,Regular,AR MingB5,Black,Version 1.00,ARPH,Regular,5 (Medium),900 (Black),31,14266,14148
AR MingB5S BD (Regular),AR MingB5S BD,Regular,AR MingB5S,Bold,Version 1.00,ARPH,Regular,5 (Medium),700 (Bold),31,14266,14152
AR MingB5S HV (Regular),AR MingB5S HV,Regular,AR MingB5S,Heavy,Version 1.00,ARPH,Regular,5 (Medium),900 (Black),31,14266,14152
AR MingB5S MD (Regular),AR MingB5S MD,Regular,AR MingB5S,Medium,Version 1.00,ARPH,Regular,5 (Medium),500 (Medium),31,14266,14152
AR MingU30 DB (Regular),AR MingU30 DB,Regular,AR MingU30,Demi-bold,Version 1.00,ARPH,Regular,5 (Medium),600 (Semi-bold),42,30267,29921
AR MingU30 LT (Regular),AR MingU30 LT,Regular,AR MingU30,Light,Version 1.00,ARPH,Regular,5 (Medium),300 (Light),42,30267,29921
AR NewHeiB5 BD (Regular),AR NewHeiB5 BD,Regular,AR NewHeiB5,Bold,Version 1.00,ARPH,Regular,5 (Medium),700 (Bold),31,14266,14148
AR NewHeiB5 EB (Regular),AR NewHeiB5 EB,Regular,AR NewHeiB5,Extra-bold,Version 1.00,ARPH,Regular,5 (Medium),800 (Extra-bold),31,14266,14148
AR NewHeiB5 HV (Regular),AR NewHeiB5 HV,Regular,AR NewHeiB5,Heavy,Version 1.00,ARPH,Regular,5 (Medium),900 (Black),31,14266,14148
AR NewHeiB5 LT (Regular),AR NewHeiB5 LT,Regular,AR NewHeiB5,Light,Version 1.00,ARPH,Regular,5 (Medium),300 (Light),31,14266,14148
AR NewHeiB5 MD (Regular),AR NewHeiB5 MD,Regular,AR NewHeiB5,Medium,Version 1.00,ARPH,Regular,5 (Medium),500 (Medium),31,14266,14148
AR NewMingB5 LT (Regular),AR NewMingB5 LT,Regular,AR NewMingB5,Light,Version 1.00,ARPH,Regular,5 (Medium),300 (Light),31,14266,14148
AR NiuNiuB5 BD (Regular),AR NiuNiuB5 BD,Regular,AR NiuNiuB5,Bold,Version 1.00,ARPH,Regular,5 (Medium),700 (Bold),31,14266,14148
AR PiaoChongB5 UL (Regular),AR PiaoChongB5 UL,Regular,AR PiaoChongB5,Black,Version 1.00,ARPH,Regular,5 (Medium),900 (Black),31,14266,14148
AR PiLiB5 UL (Regular),AR PiLiB5 UL,Regular,AR PiLiB5,Black,Version 1.00,ARPH,Regular,5 (Medium),900 (Black),31,14266,14148
AR PiscesAB5 UL (Regular),AR PiscesAB5 UL,Regular,AR PiscesAB5,Black,Version 1.00,ARPH,Regular,5 (Medium),900 (Black),31,14266,14148
AR Pixel3D20B5 MD (Regular),AR Pixel3D20B5 MD,Regular,AR Pixel3D20B5,Medium,Version 1.00,ARPH,Regular,5 (Medium),500 (Medium),31,14270,14266
AR PixelDiagonal12B5 MD (Regular),AR PixelDiagonal12B5 MD,Regular,AR PixelDiagonal12B5,Medium,Version 1.20,ARPH,Regular,5 (Medium),400 (Normal),31,14269,14311
AR PixelHBar12B5 MD (Regular),AR PixelHBar12B5 MD,Regular,AR PixelHBar12B5,Medium,Version 1.20,ARPH,Regular,5 (Medium),400 (Normal),31,14269,14300
AR PixelMontage20B5 MD (Regular),AR PixelMontage20B5 MD,Regular,AR PixelMontage20B5,Medium,Version 1.20,ARPH,Regular,5 (Medium),400 (Normal),31,14270,14266
AR PixelSquShad20B5 MD (Regular),AR PixelSquShad20B5 MD,Regular,AR PixelSquShad20B5,Medium,Version 1.00,ARPH,Regular,5 (Medium),500 (Medium),31,14270,14666
AR Pop2B5 BD (Regular),AR Pop2B5 BD,Regular,AR Pop2B5,Bold,Version 1.00,ARPH,Regular,5 (Medium),700 (Bold),31,14266,14148
AR Pop4B5 BD (Regular),AR Pop4B5 BD,Regular,AR Pop4B5,Bold,Version 1.00,ARPH,Regular,5 (Medium),700 (Bold),31,14266,14148
AR QianKunNiuB5 UL (Regular),AR QianKunNiuB5 UL,Regular,AR QianKunNiuB5,Black,Version 1.00,ARPH,Regular,5 (Medium),900 (Black),31,14266,14148
AR QianZiBiB5 EB (Regular),AR QianZiBiB5 EB,Regular,AR QianZiBiB5,Extra-bold,Version 1.00,ARPH,Regular,5 (Medium),800 (Extra-bold),31,14266,14148
AR QiaoHeiB5 EB (Regular),AR QiaoHeiB5 EB,Regular,AR QiaoHeiB5,Extra-bold,Version 1.00,ARPH,Regular,5 (Medium),800 (Extra-bold),31,14266,14148
AR QiaoHeiB5 UL (Regular),AR QiaoHeiB5 UL,Regular,AR QiaoHeiB5,Black,Version 1.00,ARPH,Regular,5 (Medium),900 (Black),31,14266,14148
AR QinQinB5 UL (Regular),AR QinQinB5 UL,Regular,AR QinQinB5,Black,Version 1.00,ARPH,Regular,5 (Medium),900 (Black),31,14266,14148
AR ShangHaiSongB5 LT (Regular),AR ShangHaiSongB5 LT,Regular,AR ShangHaiSongB5,Light,Version 1.00,ARPH,Regular,5 (Medium),300 (Light),31,14266,14148
AR SheiDeZiB5 MD (Regular),AR SheiDeZiB5 MD,Regular,AR SheiDeZiB5,Medium,Version 1.00,ARPH,Regular,5 (Medium),500 (Medium),31,14266,14148
AR ShuiGuanB5 BD (Regular),AR ShuiGuanB5 BD,Regular,AR ShuiGuanB5,Bold,Version 1.00,ARPH,Regular,5 (Medium),700 (Bold),31,14266,14148
AR ShuLinMingB5 BD (Regular),AR ShuLinMingB5 BD,Regular,AR ShuLinMingB5,Bold,Version 1.20 - This font set is licensed to "誠品股份有限公司" only,ARPH,Regular,5 (Medium),700 (Bold),32,14283,13986
AR ShuLinMingB5 EB (Regular),AR ShuLinMingB5 EB,Regular,AR ShuLinMingB5,Extra-bold,Version 2.82,ARPH,Regular,5 (Medium),800 (Extra-bold),32,14283,13986
AR ShuLinMingB5 LT (Regular),AR ShuLinMingB5 LT,Regular,AR ShuLinMingB5,Light,Version 2.82,ARPH,Regular,5 (Medium),300 (Light),32,14283,13986
AR ShuLinMingB5 MD (Regular),AR ShuLinMingB5 MD,Regular,AR ShuLinMingB5,Medium,Version 2.82,ARPH,Regular,5 (Medium),500 (Medium),32,14283,13986
AR StdKaiB5 BD (Regular),AR StdKaiB5 BD,Regular,AR StdKaiB5,Bold,Version 1.00,ARPH,Regular,5 (Medium),700 (Bold),31,14266,14148
AR StdKaiB5 LT (Regular),AR StdKaiB5 LT,Regular,AR StdKaiB5,Light,Version 1.00,ARPH,Regular,5 (Medium),300 (Light),31,14266,14148
AR StdKaiB5 MD (Regular),AR StdKaiB5 MD,Regular,AR StdKaiB5,Medium,Version 1.00,ARPH,Regular,5 (Medium),500 (Medium),31,14266,14148
AR StdKaiGDLB5 Md (Regular),AR StdKaiGDLB5 Md,Regular,,,Version 1.20,ARPH,Regular,5 (Medium),100 (Thin),31,14266,14148
AR StdKaiU30 MD (Regular),AR StdKaiU30 MD,Regular,AR StdKaiU30,Medium,Version 1.00,ARPH,Regular,5 (Medium),500 (Medium),42,30267,29921
AR StdSongB5 BD (Regular),AR StdSongB5 BD,Regular,AR StdSongB5,Bold,Version 1.00,ARPH,Regular,5 (Medium),700 (Bold),31,14266,14148
AR StdSongB5 EB (Regular),AR StdSongB5 EB,Regular,AR StdSongB5,Extra-bold,Version 1.00,ARPH,Regular,5 (Medium),800 (Extra-bold),31,14266,14148
AR StdSongB5 HV (Regular),AR StdSongB5 HV,Regular,AR StdSongB5,Heavy,Version 1.00,ARPH,Regular,5 (Medium),900 (Black),31,14266,14148
AR StdSongB5 LT (Regular),AR StdSongB5 LT,Regular,AR StdSongB5,Light,Version 1.00,ARPH,Regular,5 (Medium),300 (Light),31,14266,14148
AR StdSongB5 MD (Regular),AR StdSongB5 MD,Regular,AR StdSongB5,Medium,Version 1.00,ARPH,Regular,5 (Medium),500 (Medium),31,14266,14148
AR StdSongU30 MD (Regular),AR StdSongU30 MD,Regular,AR StdSongU30,Medium,Version 1.00,ARPH,Regular,5 (Medium),500 (Medium),42,30267,29921
AR StoneB5 EB (Regular),AR StoneB5 EB,Regular,AR StoneB5,Extra-bold,Version 1.00,ARPH,Regular,5 (Medium),800 (Extra-bold),31,14266,14148
AR TanHuangB5 BD (Regular),AR TanHuangB5 BD,Regular,AR TanHuangB5,Bold,Version 1.00,ARPH,Regular,5 (Medium),700 (Bold),31,14266,14148
AR TaurusAB5 UL (Regular),AR TaurusAB5 UL,Regular,AR TaurusAB5,Black,Version 1.00,ARPH,Regular,5 (Medium),900 (Black),31,14266,14148
AR TianNiuB5 BD (Regular),AR TianNiuB5 BD,Regular,AR TianNiuB5,Bold,Version 1.00,ARPH,Regular,5 (Medium),700 (Bold),31,14266,14148
AR TianNiuB5 HV (Regular),AR TianNiuB5 HV,Regular,AR TianNiuB5,Heavy,Version 1.00,ARPH,Regular,5 (Medium),900 (Black),31,14266,14148
AR TianNiuB5 UL (Regular),AR TianNiuB5 UL,Regular,AR TianNiuB5,Black,Version 1.00,ARPH,Regular,5 (Medium),900 (Black),31,14266,14148
AR TianXinB5 UL (Regular),AR TianXinB5 UL,Regular,AR TianXinB5,Black,Version 1.00,ARPH,Regular,5 (Medium),900 (Black),31,14266,14148
AR UDJingXiHeiAktivBHK DB (Regular),AR UDJingXiHeiAktivBHK DB,Regular,AR UDJingXiHeiAktivBHK,Demi-bold,Version 1.000,ARPH,Regular,5 (Medium),600 (Semi-bold),45,21164,19231
AR UDJingXiHeiAktivBHK EB (Regular),AR UDJingXiHeiAktivBHK EB,Regular,AR UDJingXiHeiAktivBHK,Extra-bold,Version 1.000,ARPH,Regular,5 (Medium),800 (Extra-bold),45,21164,19231
AR UDJingXiHeiAktivBHK HV (Regular),AR UDJingXiHeiAktivBHK HV,Regular,AR UDJingXiHeiAktivBHK,Heavy,Version 1.000,ARPH,Regular,5 (Medium),900 (Black),45,21164,19231
AR UDJingXiHeiAktivBHK LT (Regular),AR UDJingXiHeiAktivBHK LT,Regular,AR UDJingXiHeiAktivBHK,Light,Version 1.000,ARPH,Regular,5 (Medium),300 (Light),45,21164,19231
AR UDShuYuanHeiB5 BD (Regular),AR UDShuYuanHeiB5 BD,Regular,AR UDShuYuanHeiB5,Bold,Version 1.10,ARPH,Regular,5 (Medium),700 (Bold),32,14282,13989
AR UDShuYuanHeiB5 MD (Regular),AR UDShuYuanHeiB5 MD,Regular,AR UDShuYuanHeiB5,Medium,Version 1.10,ARPH,Regular,5 (Medium),500 (Medium),32,14282,13989
AR WangWangGouB5 UL (Regular),AR WangWangGouB5 UL,Regular,AR WangWangGouB5,Black,Version 1.00,ARPH,Regular,5 (Medium),900 (Black),31,14266,14148
AR WeiBeiB5 BD (Regular),AR WeiBeiB5 BD,Regular,AR WeiBeiB5,Bold,Version 1.00,ARPH,Regular,5 (Medium),700 (Bold),31,14266,14148
AR WeiBeiB5S BD (Regular),AR WeiBeiB5S BD,Regular,AR WeiBeiB5S,Bold,Version 1.00,ARPH,Regular,5 (Medium),700 (Bold),31,14266,14152
AR XiangChangB5 BD (Regular),AR XiangChangB5 BD,Regular,AR XiangChangB5,Bold,Version 1.00,ARPH,Regular,5 (Medium),700 (Bold),31,14266,14148
AR XiaoSaB5 MD (Regular),AR XiaoSaB5 MD,Regular,AR XiaoSaB5,Medium,Version 1.00,ARPH,Regular,5 (Medium),500 (Medium),31,14266,14148
AR XiaoXiaoHuB5 UL (Regular),AR XiaoXiaoHuB5 UL,Regular,AR XiaoXiaoHuB5,Black,Version 1.00,ARPH,Regular,5 (Medium),900 (Black),31,14266,14148
AR XinChaoPOPB5 HV (Regular),AR XinChaoPOPB5 HV,Regular,AR XinChaoPOPB5,Heavy,Version 1.00,ARPH,Regular,5 (Medium),900 (Black),31,14266,14148
AR XingKaiB5 BD (Regular),AR XingKaiB5 BD,Regular,AR XingKaiB5,Bold,Version 1.00,ARPH,Regular,5 (Medium),700 (Bold),31,14266,14148
AR XingKaiB5 LT (Regular),AR XingKaiB5 LT,Regular,AR XingKaiB5,Light,Version 1.00,ARPH,Regular,5 (Medium),300 (Light),31,14266,14148
AR XingKaiB5S BD (Regular),AR XingKaiB5S BD,Regular,AR XingKaiB5S,Bold,Version 1.00,ARPH,Regular,5 (Medium),700 (Bold),31,14266,14152
AR XingKaiBeiB5 BD (Regular),AR XingKaiBeiB5 BD,Regular,AR XingKaiBeiB5,Bold,Version 1.00,ARPH,Regular,5 (Medium),700 (Bold),31,14266,14148
AR XingShuB5 MD (Regular),AR XingShuB5 MD,Regular,AR XingShuB5,Medium,Version 1.00,ARPH,Regular,5 (Medium),500 (Medium),31,14266,14148
AR XingShuB5S MD (Regular),AR XingShuB5S MD,Regular,AR XingShuB5S,Medium,Version 1.00,ARPH,Regular,5 (Medium),500 (Medium),31,14266,14152
AR XinYiB5 UL (Regular),AR XinYiB5 UL,Regular,AR XinYiB5,Black,Version 1.00,ARPH,Regular,5 (Medium),900 (Black),31,14266,14148
AR XuKanTingLiuB5 HV (Regular),AR XuKanTingLiuB5 HV,Regular,AR XuKanTingLiuB5,Heavy,Version 1.00,ARPH,Regular,5 (Medium),900 (Black),31,14266,14148
AR YanKaiB5 HV (Regular),AR YanKaiB5 HV,Regular,AR YanKaiB5,Heavy,Version 1.00,ARPH,Regular,5 (Medium),900 (Black),31,14266,14148
AR YanKaiB5 UL (Regular),AR YanKaiB5 UL,Regular,AR YanKaiB5,Black,Version 1.00,ARPH,Regular,5 (Medium),900 (Black),31,14266,14148
AR YanKaiGungB5 UL (Regular),AR YanKaiGungB5 UL,Regular,AR YanKaiGungB5,Black,Version 1.00,ARPH,Regular,5 (Medium),900 (Black),31,14266,14148
AR YanShuiB5 EB (Regular),AR YanShuiB5 EB,Regular,AR YanShuiB5,Extra-bold,Version 1.00,ARPH,Regular,5 (Medium),800 (Extra-bold),31,14266,14148
AR YuanB5 BD (Regular),AR YuanB5 BD,Regular,AR YuanB5,Bold,Version 1.00,ARPH,Regular,5 (Medium),700 (Bold),31,14266,14148
AR YuanB5 EB (Regular),AR YuanB5 EB,Regular,AR YuanB5,Extra-bold,Version 1.00,ARPH,Regular,5 (Medium),800 (Extra-bold),31,14266,14148
AR YuanB5 HV (Regular),AR YuanB5 HV,Regular,AR YuanB5,Heavy,Version 1.00,ARPH,Regular,5 (Medium),900 (Black),31,14266,14148
AR YuanB5 LT (Regular),AR YuanB5 LT,Regular,AR YuanB5,Light,Version 1.00,ARPH,Regular,5 (Medium),300 (Light),31,14266,14148
AR YuanB5 MD (Regular),AR YuanB5 MD,Regular,AR YuanB5,Medium,Version 1.00,ARPH,Regular,5 (Medium),500 (Medium),31,14266,14148
AR YuanB5 UL (Regular),AR YuanB5 UL,Regular,AR YuanB5,Black,Version 1.00,ARPH,Regular,5 (Medium),900 (Black),31,14266,14148
AR YuanB5S BD (Regular),AR YuanB5S BD,Regular,AR YuanB5S,Bold,Version 1.00,ARPH,Regular,5 (Medium),700 (Bold),31,14266,14152
AR YuanB5S HV (Regular),AR YuanB5S HV,Regular,AR YuanB5S,Heavy,Version 1.00,ARPH,Regular,5 (Medium),900 (Black),31,14266,14152
AR YuanLiB5 BD (Regular),AR YuanLiB5 BD,Regular,AR YuanLiB5,Bold,Version 1.00,ARPH,Regular,5 (Medium),700 (Bold),31,14266,14148
AR YuanQiZhuB5 UL (Regular),AR YuanQiZhuB5 UL,Regular,AR YuanQiZhuB5,Black,Version 1.00,ARPH,Regular,5 (Medium),900 (Black),31,14266,14148
AR YuShuShuB5 UL (Regular),AR YuShuShuB5 UL,Regular,AR YuShuShuB5,Black,Version 1.00,ARPH,Regular,5 (Medium),900 (Black),31,14266,14148
AR ZanMeiB5 UL (Regular),AR ZanMeiB5 UL,Regular,AR ZanMeiB5,Black,Version 1.00,ARPH,Regular,5 (Medium),900 (Black),31,14266,14148
AR ZhuZiB5 MD (Regular),AR ZhuZiB5 MD,Regular,AR ZhuZiB5,Medium,Version 1.00,ARPH,Regular,5 (Medium),500 (Medium),31,14266,14148
文鼎DC陈森田MORITA_B (Regular),文鼎DC陈森田MORITA_B,Regular,文鼎DC陈森田MORITA,Bold,Version 1.00,ARPH,Regular,5 (Medium),700 (Bold),29,10071,20032
文鼎DC老外宋G30 (Regular),文鼎DC老外宋G30,Regular,,,Version 1.00,ARPH,Regular,5 (Medium),400 (Normal),38,1427593293,30701
文鼎DC庆科静雅体_M (Regular),文鼎DC庆科静雅体_M,Regular,文鼎DC庆科静雅体,Medium,Version 2.100,ARPH,Regular,5 (Medium),400 (Normal),30,7603,7604
文鼎DC香蕉人体_B (Regular),文鼎DC香蕉人体_B,Regular,文鼎DC香蕉人体,Bold,Version 1.00,ARPH,Regular,5 (Medium),700 (Bold),28,10070,20035
文鼎ＰＯＰ－４体_B (Regular),文鼎ＰＯＰ－４体_B,Regular,文鼎ＰＯＰ－４体,Bold,Version 1.00,ARPH,Regular,5 (Medium),700 (Bold),28,7580,7766
文鼎UD晶熙黑体_B (Regular),文鼎UD晶熙黑体_B,Regular,文鼎UD晶熙黑体,Bold,Version 1.00,ARPH,Regular,5 (Medium),700 (Bold),27,7627,7956
文鼎UD晶熙黑体_D (Regular),文鼎UD晶熙黑体_D,Regular,文鼎UD晶熙黑体,Demi-bold,Version 1.00,ARPH,Regular,5 (Medium),600 (Semi-bold),27,7627,7956
文鼎UD晶熙黑体_E (Regular),文鼎UD晶熙黑体_E,Regular,文鼎UD晶熙黑体,Extra-bold,Version 1.00,ARPH,Regular,5 (Medium),800 (Extra-bold),27,7627,7956
文鼎UD晶熙黑体_H (Regular),文鼎UD晶熙黑体_H,Regular,文鼎UD晶熙黑体,Heavy,Version 1.00,ARPH,Regular,5 (Medium),900 (Black),27,7627,7956
文鼎UD晶熙黑体_M (Regular),文鼎UD晶熙黑体_M,Regular,文鼎UD晶熙黑体,Medium,Version 1.00,ARPH,Regular,5 (Medium),400 (Normal),27,7627,7956
文鼎UD晶熙黑体Aktiv_D (Regular),文鼎UD晶熙黑体Aktiv_D,Regular,文鼎UD晶熙黑体Aktiv,Demi-bold,Version 2.000,ARPH,Regular,5 (Medium),600 (Semi-bold),40,8456,8476
文鼎UD晶熙黑体Aktiv_E (Regular),文鼎UD晶熙黑体Aktiv_E,Regular,文鼎UD晶熙黑体Aktiv,Extra-bold,Version 2.000,ARPH,Regular,5 (Medium),800 (Extra-bold),40,8456,8476
文鼎UD晶熙黑体Aktiv_H (Regular),文鼎UD晶熙黑体Aktiv_H,Regular,文鼎UD晶熙黑体Aktiv,Heavy,Version 2.000,ARPH,Regular,5 (Medium),900 (Black),40,8456,8476
文鼎UD晶熙黑体Aktiv_L (Regular),文鼎UD晶熙黑体Aktiv_L,Regular,文鼎UD晶熙黑体Aktiv,Light,Version 2.000,ARPH,Regular,5 (Medium),300 (Light),40,8456,8476
文鼎UD晶熙黑体AktivG30_D (Regular),文鼎UD晶熙黑体AktivG30_D,Regular,文鼎UD晶熙黑体AktivG30,Demi-bold,Version 2.000,ARPH,Regular,5 (Medium),600 (Semi-bold),41,29177,29197
文鼎UD晶熙黑体AktivG30_E (Regular),文鼎UD晶熙黑体AktivG30_E,Regular,文鼎UD晶熙黑体AktivG30,Extra-bold,Version 2.000,ARPH,Regular,5 (Medium),800 (Extra-bold),41,29177,29197
文鼎UD晶熙黑体AktivG30_H (Regular),文鼎UD晶熙黑体AktivG30_H,Regular,文鼎UD晶熙黑体AktivG30,Heavy,Version 2.000,ARPH,Regular,5 (Medium),900 (Black),41,29177,29197
文鼎UD晶熙黑体AktivG30_L (Regular),文鼎UD晶熙黑体AktivG30_L,Regular,文鼎UD晶熙黑体AktivG30,Light,Version 2.000,ARPH,Regular,5 (Medium),300 (Light),41,29177,29197
文鼎UD晶熙黑体P_B (Regular),文鼎UD晶熙黑体P_B,Regular,文鼎UD晶熙黑体P,Bold,Version 1.00,ARPH,Regular,5 (Medium),700 (Bold),27,7627,7956
文鼎UD晶熙黑体P_D (Regular),文鼎UD晶熙黑体P_D,Regular,文鼎UD晶熙黑体P,Demi-bold,Version 1.00,ARPH,Regular,5 (Medium),600 (Semi-bold),27,7627,7956
文鼎UD晶熙黑体P_E (Regular),文鼎UD晶熙黑体P_E,Regular,文鼎UD晶熙黑体P,Extra-bold,Version 1.00,ARPH,Regular,5 (Medium),800 (Extra-bold),27,7627,7956
文鼎UD晶熙黑体P_H (Regular),文鼎UD晶熙黑体P_H,Regular,文鼎UD晶熙黑体P,Heavy,Version 1.00,ARPH,Regular,5 (Medium),900 (Black),27,7627,7956
文鼎UD晶熙黑体P_M (Regular),文鼎UD晶熙黑体P_M,Regular,文鼎UD晶熙黑体P,Medium,Version 1.00,ARPH,Regular,5 (Medium),400 (Normal),27,7627,7956
文鼎彩云_U (Regular),文鼎彩云_U,Regular,文鼎彩云,Black,Version 1.00,ARPH,Regular,5 (Medium),900 (Black),28,7580,7766
文鼎齿轮体_M (Regular),文鼎齿轮体_M,Regular,文鼎齿轮体,Medium,Version 1.00,ARPH,Regular,5 (Medium),500 (Medium),28,7580,7766
文鼎粗仿宋 (Regular),文鼎粗仿宋,Regular,文鼎仿宋,Bold,Version 1.00,ARPH,Regular,5 (Medium),700 (Bold),28,7580,7766
文鼎粗广告体 (Regular),文鼎粗广告体,Regular,文鼎广告体,Bold,Version 1.00,ARPH,Regular,5 (Medium),700 (Bold),28,7580,7766
文鼎粗行楷体 (Regular),文鼎粗行楷体,Regular,文鼎行楷体,Bold,Version 1.00,ARPH,Regular,5 (Medium),700 (Bold),28,7580,7766
文鼎粗勘亭流体 (Regular),文鼎粗勘亭流体,Regular,文鼎勘亭流体,Bold,Version 1.00,ARPH,Regular,5 (Medium),700 (Bold),28,7580,7766
文鼎粗毛楷体 (Regular),文鼎粗毛楷体,Regular,文鼎毛楷体,Bold,Version 1.00,ARPH,Regular,5 (Medium),700 (Bold),28,7580,7766
文鼎粗甜妞体 (Regular),文鼎粗甜妞体,Regular,文鼎甜妞体,Bold,Version 1.00,ARPH,Regular,5 (Medium),700 (Bold),28,7580,7766
文鼎粗魏碑体 (Regular),文鼎粗魏碑体,Regular,文鼎魏碑体,Bold,Version 1.00,ARPH,Regular,5 (Medium),700 (Bold),27,7578,7766
文鼎粗魏碑体G30 (Regular),文鼎粗魏碑体G30,Regular,文鼎魏碑体G30,Bold,Version 1.00,ARPH,Regular,5 (Medium),700 (Bold),43,29872,30048
文鼎粗圆 (Regular),文鼎粗圆,Regular,文鼎圆体,Bold,Version 1.00,ARPH,Regular,5 (Medium),700 (Bold),27,7578,7766
文鼎大钢笔行楷 (Regular),文鼎大钢笔行楷,Regular,文鼎钢笔行楷,Extra-bold,Version 1.00,ARPH,Regular,5 (Medium),800 (Extra-bold),28,7580,7766
文鼎大广告体 (Regular),文鼎大广告体,Regular,文鼎广告体,Extra-bold,Version 1.00,ARPH,Regular,5 (Medium),800 (Extra-bold),28,7580,7766
文鼎大毛楷体 (Regular),文鼎大毛楷体,Regular,文鼎毛楷体,Extra-bold,Version 1.00,ARPH,Regular,5 (Medium),800 (Extra-bold),28,7580,7766
文鼎大魏碑体 (Regular),文鼎大魏碑体,Regular,文鼎魏碑体,Extra-bold,Version 1.00,ARPH,Regular,5 (Medium),800 (Extra-bold),28,7580,7766
文鼎弹簧体_B (Regular),文鼎弹簧体_B,Regular,文鼎弹簧体,Bold,Version 1.00,ARPH,Regular,5 (Medium),700 (Bold),28,7580,7766
文鼎雕刻体_B (Regular),文鼎雕刻体_B,Regular,文鼎雕刻体,Bold,Version 1.00,ARPH,Regular,5 (Medium),700 (Bold),28,7580,7766
文鼎方新书H7_H (Regular),文鼎方新书H7_H,Regular,文鼎方新书H7,Heavy,Version 1.00,ARPH,Regular,5 (Medium),900 (Black),27,7627,7663
文鼎古印体_B (Regular),文鼎古印体_B,Regular,文鼎古印体,Bold,Version 1.00,ARPH,Regular,5 (Medium),700 (Bold),28,7580,7766
文鼎海报体_B (Regular),文鼎海报体_B,Regular,文鼎海报体,Bold,Version 1.00,ARPH,Regular,5 (Medium),700 (Bold),28,7580,7766
文鼎行楷碑体_B (Regular),文鼎行楷碑体_B,Regular,文鼎行楷碑体,Bold,Version 1.00,ARPH,Regular,5 (Medium),700 (Bold),28,7580,7766
文鼎黑体_B (Regular),文鼎黑体_B,Regular,文鼎黑体,Bold,Version 1.00,ARPH,Regular,5 (Medium),700 (Bold),28,7580,7766
文鼎黑体_L (Regular),文鼎黑体_L,Regular,文鼎黑体,Light,Version 1.00,ARPH,Regular,5 (Medium),300 (Light),28,7580,7766
文鼎黑体_M (Regular),文鼎黑体_M,Regular,文鼎黑体,Medium,Version 1.00,ARPH,Regular,5 (Medium),500 (Medium),27,7578,7766
文鼎横线像素12_M (Regular),文鼎横线像素12_M,Regular,文鼎横线像素12,Medium,Version 1.20,ARPH,Regular,5 (Medium),400 (Normal),26,7554,7598
文鼎胡子体_E (Regular),文鼎胡子体_E,Regular,文鼎胡子体,Extra-bold,Version 1.00,ARPH,Regular,5 (Medium),800 (Extra-bold),28,7580,7766
文鼎琥珀_U (Regular),文鼎琥珀_U,Regular,文鼎琥珀,Black,Version 1.00,ARPH,Regular,5 (Medium),900 (Black),28,7580,7766
文鼎花瓣体_U (Regular),文鼎花瓣体_U,Regular,文鼎花瓣体,Black,Version 1.00,ARPH,Regular,5 (Medium),900 (Black),28,7580,7766
文鼎火柴体_B (Regular),文鼎火柴体_B,Regular,文鼎火柴体,Bold,Version 1.00,ARPH,Regular,5 (Medium),700 (Bold),28,7580,7766
文鼎贱狗体_B (Regular),文鼎贱狗体_B,Regular,文鼎贱狗体,Bold,Version 1.00,ARPH,Regular,5 (Medium),700 (Bold),28,7580,7766
文鼎渐层方点像素20_M (Regular),文鼎渐层方点像素20_M,Regular,文鼎渐层方点像素20,Medium,Version 1.00,ARPH,Regular,5 (Medium),500 (Medium),28,7585,8013
文鼎荆棘体_M (Regular),文鼎荆棘体_M,Regular,文鼎荆棘体,Medium,Version 1.00,ARPH,Regular,5 (Medium),500 (Medium),28,7580,7766
文鼎晶栩粗黑G30 (Regular),文鼎晶栩粗黑G30,Regular,文鼎晶栩黑G30,Bold,Version 1.00,ARPH,Regular,5 (Medium),700 (Bold),43,29872,30048
文鼎晶栩黑体_B (Regular),文鼎晶栩黑体_B,Regular,文鼎晶栩黑体,Bold,Version 1.00,ARPH,Regular,5 (Medium),700 (Bold),28,7580,7766
文鼎晶栩黑体_D (Regular),文鼎晶栩黑体_D,Regular,文鼎晶栩黑体,Demi-bold,Version 1.00,ARPH,Regular,5 (Medium),600 (Semi-bold),28,7580,7766
文鼎晶栩黑体_M (Regular),文鼎晶栩黑体_M,Regular,文鼎晶栩黑体,Medium,Version 1.00,ARPH,Regular,5 (Medium),500 (Medium),28,7580,7766
文鼎晶栩中粗黑G30 (Regular),文鼎晶栩中粗黑G30,Regular,文鼎晶栩黑G30,Demi-bold,Version 1.00,ARPH,Regular,5 (Medium),600 (Semi-bold),43,29872,30048
文鼎晶栩中黑G30 (Regular),文鼎晶栩中黑G30,Regular,文鼎晶栩黑G30,Medium,Version 1.00,ARPH,Regular,5 (Medium),500 (Medium),43,29872,30048
文鼎老上海宋_L (Regular),文鼎老上海宋_L,Regular,文鼎老上海宋,Light,Version 1.00,ARPH,Regular,5 (Medium),300 (Light),27,7578,7766
文鼎立体像素20_M (Regular),文鼎立体像素20_M,Regular,文鼎立体像素20,Medium,Version 1.00,ARPH,Regular,5 (Medium),500 (Medium),28,7585,7613
文鼎妞妞体_B (Regular),文鼎妞妞体_B,Regular,文鼎妞妞体,Bold,Version 1.00,ARPH,Regular,5 (Medium),700 (Bold),28,7580,7766
文鼎霹雳体_U (Regular),文鼎霹雳体_U,Regular,文鼎霹雳体,Black,Version 1.00,ARPH,Regular,5 (Medium),900 (Black),28,7580,7766
文鼎拼贴像素20_M (Regular),文鼎拼贴像素20_M,Regular,文鼎拼贴像素20,Medium,Version 1.20,ARPH,Regular,5 (Medium),400 (Normal),28,7585,7613
文鼎上海宋_B (Regular),文鼎上海宋_B,Regular,文鼎上海宋,Bold,Version 1.00,ARPH,Regular,5 (Medium),700 (Bold),27,7578,7766
文鼎上海宋_L (Regular),文鼎上海宋_L,Regular,文鼎上海宋,Light,Version 1.00,ARPH,Regular,5 (Medium),300 (Light),28,7580,7766
文鼎上海宋_M (Regular),文鼎上海宋_M,Regular,文鼎上海宋,Medium,Version 1.00,ARPH,Regular,5 (Medium),500 (Medium),27,7578,7766
文鼎上海宋G30_L (Regular),文鼎上海宋G30_L,Regular,文鼎上海宋G30,Light,Version 1.00,ARPH,Regular,5 (Medium),300 (Light),43,29872,30048
文鼎石头体_E (Regular),文鼎石头体_E,Regular,文鼎石头体,Extra-bold,Version 1.00,ARPH,Regular,5 (Medium),800 (Extra-bold),28,7580,7766
文鼎书林黑体_L (Regular),文鼎书林黑体_L,Regular,文鼎书林黑体,Light,Version 1.00,ARPH,Regular,5 (Medium),300 (Light),28,7580,7766
文鼎书林黑体_M (Regular),文鼎书林黑体_M,Regular,文鼎书林黑体,Medium,Version 1.00,ARPH,Regular,5 (Medium),500 (Medium),28,7580,7766
文鼎书林宋体_B (Regular),文鼎书林宋体_B,Regular,文鼎书林宋体,Bold,Version 1.00,ARPH,Regular,5 (Medium),700 (Bold),28,7580,7766
文鼎书林宋体_E (Regular),文鼎书林宋体_E,Regular,文鼎书林宋体,Extra-bold,Version 2.70,ARPH,Regular,5 (Medium),800 (Extra-bold),27,7578,7766
文鼎书林宋体_H (Regular),文鼎书林宋体_H,Regular,文鼎书林宋体,Heavy,Version 1.00,ARPH,Regular,5 (Medium),900 (Black),28,7580,7766
文鼎书林宋体_L (Regular),文鼎书林宋体_L,Regular,文鼎书林宋体,Light,Version 2.70,ARPH,Regular,5 (Medium),300 (Light),27,7578,7766
文鼎书林宋体_M (Regular),文鼎书林宋体_M,Regular,文鼎书林宋体,Medium,Version 2.70,ARPH,Regular,5 (Medium),500 (Medium),27,7578,7766
文鼎书林宋体_U (Regular),文鼎书林宋体_U,Regular,文鼎书林宋体,Black,Version 1.00,ARPH,Regular,5 (Medium),900 (Black),28,7580,7766
文鼎书宋 (Regular),文鼎书宋,Regular,文鼎书宋,Medium,Version 1.00,ARPH,Regular,5 (Medium),500 (Medium),28,7580,7766
文鼎谁的字体_M (Regular),文鼎谁的字体_M,Regular,文鼎谁的字体,Medium,Version 1.00,ARPH,Regular,5 (Medium),500 (Medium),28,7580,7766
文鼎水管体_B (Regular),文鼎水管体_B,Regular,文鼎水管体,Bold,Version 1.00,ARPH,Regular,5 (Medium),700 (Bold),28,7580,7766
文鼎特粗勘亭流体 (Regular),文鼎特粗勘亭流体,Regular,文鼎勘亭流体,Black,Version 1.00,ARPH,Regular,5 (Medium),900 (Black),28,7580,7766
文鼎特粗圆 (Regular),文鼎特粗圆,Regular,文鼎圆体,Black,Version 1.00,ARPH,Regular,5 (Medium),900 (Black),28,7580,7766
文鼎特勘亭流体 (Regular),文鼎特勘亭流体,Regular,文鼎勘亭流体,Heavy,Version 1.00,ARPH,Regular,5 (Medium),900 (Black),28,7580,7766
文鼎特毛楷体 (Regular),文鼎特毛楷体,Regular,文鼎毛楷体,Heavy,Version 1.00,ARPH,Regular,5 (Medium),900 (Black),28,7580,7766
文鼎特甜妞体 (Regular),文鼎特甜妞体,Regular,文鼎甜妞体,Heavy,Version 1.00,ARPH,Regular,5 (Medium),900 (Black),28,7580,7766
文鼎特颜楷 (Regular),文鼎特颜楷,Regular,文鼎颜楷,Heavy,Version 1.00,ARPH,Regular,5 (Medium),900 (Black),28,7580,7766
文鼎特圆 (Regular),文鼎特圆,Regular,文鼎圆体,Heavy,Version 1.00,ARPH,Regular,5 (Medium),900 (Black),28,7580,7766
文鼎习字体_U (Regular),文鼎习字体_U,Regular,文鼎习字体,Black,Version 1.00,ARPH,Regular,5 (Medium),900 (Black),28,7580,7766
文鼎细仿宋 (Regular),文鼎细仿宋,Regular,文鼎仿宋,Light,Version 1.00,ARPH,Regular,5 (Medium),300 (Light),28,7580,7766
文鼎细钢笔行楷 (Regular),文鼎细钢笔行楷,Regular,文鼎钢笔行楷,Light,Version 1.00,ARPH,Regular,5 (Medium),300 (Light),28,7580,7766
文鼎细圆 (Regular),文鼎细圆,Regular,文鼎圆体,Light,Version 1.00,ARPH,Regular,5 (Medium),300 (Light),27,7578,7766
文鼎香肠体_B (Regular),文鼎香肠体_B,Regular,文鼎香肠体,Bold,Version 1.00,ARPH,Regular,5 (Medium),700 (Bold),28,7580,7766
文鼎潇洒体_M (Regular),文鼎潇洒体_M,Regular,文鼎潇洒体,Medium,Version 1.00,ARPH,Regular,5 (Medium),500 (Medium),28,7580,7766
文鼎斜线像素12_M (Regular),文鼎斜线像素12_M,Regular,文鼎斜线像素12,Medium,Version 1.20,ARPH,Regular,5 (Medium),400 (Normal),26,7554,7609
文鼎新黑体_U (Regular),文鼎新黑体_U,Regular,文鼎新黑体,Black,Version 1.00,ARPH,Regular,5 (Medium),900 (Black),28,7580,7766
文鼎新艺体_U (Regular),文鼎新艺体_U,Regular,文鼎新艺体,Black,Version 1.00,ARPH,Regular,5 (Medium),900 (Black),27,7578,7766
文鼎淹水体_E (Regular),文鼎淹水体_E,Regular,文鼎淹水体,Extra-bold,Version 1.00,ARPH,Regular,5 (Medium),800 (Extra-bold),28,7580,7766
文鼎圆立体_B (Regular),文鼎圆立体_B,Regular,文鼎圆立体,Bold,Version 1.00,ARPH,Regular,5 (Medium),700 (Bold),28,7580,7766
文鼎云黑体_B (Regular),文鼎云黑体_B,Regular,文鼎云黑体,Bold,Version 1.00,ARPH,Regular,5 (Medium),700 (Bold),27,7578,7766
文鼎中仿宋 (Regular),文鼎中仿宋,Regular,文鼎仿宋,Medium,Version 1.00,ARPH,Regular,5 (Medium),500 (Medium),27,7578,7766
文鼎中钢笔行楷 (Regular),文鼎中钢笔行楷,Regular,文鼎钢笔行楷,Medium,Version 1.00,ARPH,Regular,5 (Medium),500 (Medium),28,7580,7766
文鼎中行书 (Regular),文鼎中行书,Regular,文鼎行书,Medium,Version 1.00,ARPH,Regular,5 (Medium),500 (Medium),28,7580,7766
文鼎中楷体 (Regular),文鼎中楷体,Regular,文鼎楷体,Medium,Version 1.00,ARPH,Regular,5 (Medium),500 (Medium),27,7578,7766
文鼎中楷体G30 (Regular),文鼎中楷体G30,Regular,文鼎楷体G30,Medium,Version 1.00,ARPH,Regular,5 (Medium),500 (Medium),43,29872,30048
文鼎中隶 (Regular),文鼎中隶,Regular,文鼎隶书,Medium,Version 1.00,ARPH,Regular,5 (Medium),500 (Medium),27,7578,7766
文鼎中魏碑体 (Regular),文鼎中魏碑体,Regular,文鼎魏碑体,Medium,Version 1.00,ARPH,Regular,5 (Medium),500 (Medium),28,7580,7766
文鼎中圆 (Regular),文鼎中圆,Regular,文鼎圆体,Medium,Version 1.00,ARPH,Regular,5 (Medium),500 (Medium),28,7580,7766
文鼎竹子体_M (Regular),文鼎竹子体_M,Regular,文鼎竹子体,Medium,Version 1.00,ARPH,Regular,5 (Medium),500 (Medium),28,7580,7766
